city,date,mobility_mode,scenario,n_agents,n_completed,completion_rate,teleport_rate,status,status_note
palma_de_mallorca,2022-01-15,car,weekday_full_car,566636.0,542652.0,0.9577,0.0162,PROVISIONAL,"teleport 1.28-1.87%, ABOVE 1% threshold -- flagged, not auto-validated"
palma_de_mallorca,2022-04-10,car,weekday_full_car,566636.0,542652.0,0.9577,0.0162,PROVISIONAL,"teleport 1.28-1.87%, ABOVE 1% threshold -- flagged, not auto-validated"
palma_de_mallorca,2022-06-05,car,weekday_full_car,566636.0,542652.0,0.9577,0.0162,PROVISIONAL,"teleport 1.28-1.87%, ABOVE 1% threshold -- flagged, not auto-validated"
palma_de_mallorca,2022-07-20,car,weekday_full_car,713192.0,688420.0,0.9653,0.0128,PROVISIONAL,"teleport 1.28-1.87%, ABOVE 1% threshold -- flagged, not auto-validated"
palma_de_mallorca,2022-10-28,car,weekday_full_car,713192.0,688420.0,0.9653,0.0128,PROVISIONAL,"teleport 1.28-1.87%, ABOVE 1% threshold -- flagged, not auto-validated"
zaragoza,2022-01-15,car,weekday_full_car,418785.0,387700.0,0.9258,0.0001,VALIDATED,
zaragoza,2022-04-10,car,weekday_full_car,418785.0,387700.0,0.9258,0.0001,VALIDATED,
zaragoza,2022-06-05,car,weekday_full_car,418785.0,387700.0,0.9258,0.0001,VALIDATED,
zaragoza,2022-07-20,car,weekday_full_car,599230.0,564628.0,0.9423,0.0,VALIDATED,
zaragoza,2022-10-28,car,weekday_full_car,599230.0,564628.0,0.9423,0.0,VALIDATED,
murcia,2022-01-15,car,weekday_full_car,417082.0,381168.0,0.9139,0.0,VALIDATED,
murcia,2022-04-10,car,weekday_full_car,417082.0,381168.0,0.9139,0.0,VALIDATED,
murcia,2022-06-05,car,weekday_full_car,417082.0,381168.0,0.9139,0.0,VALIDATED,
murcia,2022-07-20,car,weekday_full_car,574530.0,535487.0,0.932,0.0001,VALIDATED,
murcia,2022-10-28,car,weekday_full_car,574530.0,535487.0,0.932,0.0001,VALIDATED,
valladolid,2022-01-15,car,weekday_full_car,269921.0,248887.0,0.9221,0.0,VALIDATED,
valladolid,2022-04-10,car,weekday_full_car,269921.0,248887.0,0.9221,0.0,VALIDATED,
valladolid,2022-06-05,car,weekday_full_car,269921.0,248887.0,0.9221,0.0,VALIDATED,
valladolid,2022-07-20,car,weekday_full_car,361021.0,339447.0,0.9402,0.0001,VALIDATED,
valladolid,2022-10-28,car,weekday_full_car,361021.0,339447.0,0.9402,0.0001,VALIDATED,
a_coruna,2022-01-15,car,weekday_full_car,282572.0,260226.0,0.9209,0.0,VALIDATED,
a_coruna,2022-04-10,car,weekday_full_car,282572.0,260226.0,0.9209,0.0,VALIDATED,
a_coruna,2022-06-05,car,weekday_full_car,282572.0,260226.0,0.9209,0.0,VALIDATED,
a_coruna,2022-07-20,car,weekday_full_car,365538.0,342640.0,0.9374,0.0001,VALIDATED,
a_coruna,2022-10-28,car,weekday_full_car,365538.0,342640.0,0.9374,0.0001,VALIDATED,
cordoba,2022-01-15,car,weekday_full_car,176998.0,165621.0,0.9357,0.0003,VALIDATED,
cordoba,2022-04-10,car,weekday_full_car,176998.0,165621.0,0.9357,0.0003,VALIDATED,
cordoba,2022-06-05,car,weekday_full_car,176998.0,165621.0,0.9357,0.0003,VALIDATED,
cordoba,2022-07-20,car,weekday_full_car,236628.0,225121.0,0.9514,0.0003,VALIDATED,
cordoba,2022-10-28,car,weekday_full_car,236628.0,225121.0,0.9514,0.0003,VALIDATED,
granada,2022-01-15,car,weekday_full_car,427556.0,384851.0,0.9001,0.0004,VALIDATED,
granada,2022-04-10,car,weekday_full_car,427556.0,384851.0,0.9001,0.0004,VALIDATED,
granada,2022-06-05,car,weekday_full_car,427556.0,384851.0,0.9001,0.0004,VALIDATED,
granada,2022-07-20,car,weekday_full_car,533336.0,489247.0,0.9173,0.0003,VALIDATED,
granada,2022-10-28,car,weekday_full_car,533336.0,489247.0,0.9173,0.0003,VALIDATED,
bilbao,2022-01-15,car,weekday_full_car,695847.0,648974.0,0.9326,0.0,VALIDATED,
bilbao,2022-04-10,car,weekday_full_car,695847.0,648974.0,0.9326,0.0,VALIDATED,
bilbao,2022-06-05,car,weekday_full_car,695847.0,648974.0,0.9326,0.0,VALIDATED,
bilbao,2022-07-20,car,weekday_full_car,905598.0,859112.0,0.9487,0.0,VALIDATED,
bilbao,2022-10-28,car,weekday_full_car,905598.0,859112.0,0.9487,0.0,VALIDATED,
sevilla,2022-01-15,car,weekday_full_car,1056887.0,961724.0,0.91,0.0005,VALIDATED,
sevilla,2022-04-10,car,weekday_full_car,1056887.0,961724.0,0.91,0.0005,VALIDATED,
sevilla,2022-06-05,car,weekday_full_car,1056887.0,961724.0,0.91,0.0005,VALIDATED,
sevilla,2022-07-20,car,weekday_full_car,1398695.0,1304743.0,0.9328,0.1678,PROVISIONAL,
sevilla,2022-10-28,car,weekday_full_car,1398695.0,1304743.0,0.9328,0.1678,PROVISIONAL,
valencia,2022-01-15,car,weekday_full_car,1124908.0,1031694.0,0.9171,0.0003,VALIDATED,
valencia,2022-04-10,car,weekday_full_car,1124908.0,1031694.0,0.9171,0.0003,VALIDATED,
valencia,2022-06-05,car,weekday_full_car,1124908.0,1031694.0,0.9171,0.0003,VALIDATED,
valencia,2022-07-20,car,weekday_full_car,1435061.0,1347087.0,0.9387,0.2072,PROVISIONAL,
valencia,2022-10-28,car,weekday_full_car,1435061.0,1347087.0,0.9387,0.2072,PROVISIONAL,
madrid,2022-01-15,car,weekday_full_car,,,,,MISSING,
madrid,2022-04-10,car,weekday_full_car,,,,,MISSING,
madrid,2022-06-05,car,weekday_full_car,,,,,MISSING,
madrid,2022-07-20,car,weekday_full_car,,,,,MISSING,
madrid,2022-10-28,car,weekday_full_car,,,,,MISSING,
barcelona,2022-01-15,car,weekday_full_car,,,,,MISSING,
barcelona,2022-04-10,car,weekday_full_car,,,,,MISSING,
barcelona,2022-06-05,car,weekday_full_car,,,,,MISSING,
barcelona,2022-07-20,car,weekday_full_car,,,,,MISSING,
barcelona,2022-10-28,car,weekday_full_car,,,,,MISSING,
