vc_mid,flow_median,n,mode,road_class,road_class_label
0.01411610027221569,559.0298440799768,11621,car,0,Motorway
0.06791495914646184,2887.721073096402,2214,car,0,Motorway
0.12141077782484706,5147.1247314394195,881,car,0,Motorway
0.17320628964464296,7385.006221867741,479,car,0,Motorway
0.22155019477819402,9642.186744274175,315,car,0,Motorway
0.27627748293435705,11072.243776360974,204,car,0,Motorway
0.3237497940660518,12437.6258641983,158,car,0,Motorway
0.3712767605638092,14474.643789594966,144,car,0,Motorway
0.426043864669747,16596.91671387275,100,car,0,Motorway
0.9919643098532875,34581.80036902752,190,car,0,Motorway
1.003270610432194,157.74232618226603,816,car,0,Motorway
0.026287300643138237,261.5912157669745,5050,car,1,MotorwayLink
0.07472725057833786,769.8329825960009,2988,car,1,MotorwayLink
0.13438224684535818,1376.6382951711353,2215,car,1,MotorwayLink
0.17621503884863662,1858.5139167845232,894,car,1,MotorwayLink
0.2259164682391332,2403.374016669535,606,car,1,MotorwayLink
0.29853795240856873,3115.2735328273548,846,car,1,MotorwayLink
0.32325947288817886,3448.101286607,358,car,1,MotorwayLink
0.3804863350293573,3969.0996512510383,295,car,1,MotorwayLink
0.44999999999999996,4775.594740768394,458,car,1,MotorwayLink
0.47397014929211123,4937.246945925529,197,car,1,MotorwayLink
0.5294537745878992,5455.59110950811,160,car,1,MotorwayLink
0.5911921763473147,6258.644753065171,313,car,1,MotorwayLink
0.6284404304208816,6573.670763037429,141,car,1,MotorwayLink
0.6785408827347907,7009.124712187817,137,car,1,MotorwayLink
0.7462083833062594,7835.990778199742,215,car,1,MotorwayLink
0.899621464541467,8648.32242968877,188,car,1,MotorwayLink
0.9253279602352156,4109.847603777944,104,car,1,MotorwayLink
0.980188739865591,6822.805813268133,164,car,1,MotorwayLink
1.017102245655893,57.53043196048786,1845,car,1,MotorwayLink
1.0613750770258208,51.48745174284953,263,car,1,MotorwayLink
0.017105970306253142,409.2728960047803,8705,car,2,Trunk
0.06666666666666667,1598.7160533740237,3713,car,2,Trunk
0.13333333333333333,2772.145360214108,1813,car,2,Trunk
0.18344880826293125,3908.472265046533,1066,car,2,Trunk
0.2222222222222222,4797.1443460733735,531,car,2,Trunk
0.26666666666666666,6033.28361460725,684,car,2,Trunk
0.3333333333333333,7229.894166399227,486,car,2,Trunk
0.3965553223166862,8591.044790366575,464,car,2,Trunk
0.4382969445748581,9314.496704269097,193,car,2,Trunk
0.4666666666666667,10383.25212925838,278,car,2,Trunk
0.5333333333333333,11892.658843389374,237,car,2,Trunk
0.5879325036784404,11869.70145136408,232,car,2,Trunk
0.6222222222222222,12261.410026958067,132,car,2,Trunk
0.6666666666666666,13736.798916158532,187,car,2,Trunk
0.7333333333333333,12757.44836857686,196,car,2,Trunk
0.7844332580244516,14119.800168622998,204,car,2,Trunk
0.8666666666666667,11950.22577755625,155,car,2,Trunk
0.9333333333333333,12532.085495677547,149,car,2,Trunk
0.9933579833843967,12574.468798551421,225,car,2,Trunk
1.016031865348988,57.95462266294984,1289,car,2,Trunk
1.0666666666666667,39.537671174395484,564,car,2,Trunk
0.028736394908410342,229.12588411563803,1327,car,3,TrunkLink
0.07301061232541296,553.9480802929278,793,car,3,TrunkLink
0.15,1177.6501626629288,765,car,3,TrunkLink
0.17418910229418721,1408.8222569859454,166,car,3,TrunkLink
0.22185156403340875,1760.5960987146668,134,car,3,TrunkLink
0.3,3278.2884420298437,292,car,3,TrunkLink
0.44999999999999996,3652.2635831309863,200,car,3,TrunkLink
1.0285714285714287,51.5948997495691,747,car,3,TrunkLink
0.02460916084423761,506.6400455469401,57286,car,4,Primary
0.075,1568.1628101477559,43718,car,4,Primary
0.15,2739.187153820957,24029,car,4,Primary
0.17515751288988352,3638.2099360321845,5048,car,4,Primary
0.22499999999999998,5236.916654762379,8098,car,4,Primary
0.3,5683.414848237036,7301,car,4,Primary
0.3232004772958437,6498.868294296196,1500,car,4,Primary
0.375,8693.135924021992,2887,car,4,Primary
0.44999999999999996,7723.830161556782,3336,car,4,Primary
0.47868455241163443,6611.700348294929,637,car,4,Primary
0.525,11955.10972318771,1354,car,4,Primary
0.6,8995.777606885767,1805,car,4,Primary
0.621417467594988,6875.253837716822,352,car,4,Primary
0.6749999999999999,14178.258340994991,792,car,4,Primary
0.75,9607.565637687492,1237,car,4,Primary
0.7764469581981638,10105.592032863526,259,car,4,Primary
0.825,14280.742545962552,548,car,4,Primary
0.8999999999999999,10586.424185274185,974,car,4,Primary
0.927769434799055,9014.310217470234,312,car,4,Primary
0.975,13807.211873075092,817,car,4,Primary
1.05,85.11119341171036,6572,car,4,Primary
0.03815032105118913,263.5935949099491,484,car,5,PrimaryLink
0.07807021458984785,536.7286389456264,817,car,5,PrimaryLink
0.15,1372.7861916012941,1572,car,5,PrimaryLink
0.18621353267410173,1259.2816270548262,226,car,5,PrimaryLink
0.22980342671357304,1552.0318683876976,128,car,5,PrimaryLink
0.3,2745.5723832025883,608,car,5,PrimaryLink
0.3864253473706555,2632.5784804552254,114,car,5,PrimaryLink
0.44999999999999996,4098.108088034633,270,car,5,PrimaryLink
0.6,5179.9045602584765,173,car,5,PrimaryLink
0.8999999999999999,6700.696018854613,106,car,5,PrimaryLink
1.05,87.27816537590965,614,car,5,PrimaryLink
1.0626697052693026,75.00373193984362,136,car,5,PrimaryLink
0.02758175637854771,261.45433246169785,15488,car,6,Secondary
0.07378793886508934,690.5575803598979,15927,car,6,Secondary
0.12,1379.1729559507482,20452,car,6,Secondary
0.17424342127127826,1729.5174093943062,4203,car,6,Secondary
0.24,2410.5711580517764,5566,car,6,Secondary
0.3,3095.9060082935885,4372,car,6,Secondary
0.32,3054.3988434009716,1221,car,6,Secondary
0.36,3931.5373730850592,2427,car,6,Secondary
0.44999999999999996,4748.290066005628,2306,car,6,Secondary
0.48,5130.602332713861,1311,car,6,Secondary
0.5318156312778307,4449.106197516658,493,car,6,Secondary
0.6,6410.427628943081,1785,car,6,Secondary
0.6236224874399877,5156.195905980451,345,car,6,Secondary
0.669858187320298,5403.712891127493,395,car,6,Secondary
0.7414179089562278,7774.016119987321,1236,car,6,Secondary
0.7799999999999999,6416.521735462376,287,car,6,Secondary
0.84,7401.826665080562,561,car,6,Secondary
0.8999999999999999,8105.579980587376,790,car,6,Secondary
0.9275287055151085,6663.859207463523,261,car,6,Secondary
0.96,7226.606302530416,632,car,6,Secondary
1.0313392680663773,51.96030683559639,5975,car,6,Secondary
1.0799999999999998,61.6322155014438,2223,car,6,Secondary
0.15,1455.508736691192,185,car,7,SecondaryLink
0.029627493581071387,209.01842509029305,36641,car,8,Tertiary
0.07423510183652283,496.1846843500456,37454,car,8,Tertiary
0.15,1014.9742534864365,63216,car,8,Tertiary
0.1758563865792338,1166.3358538607092,8684,car,8,Tertiary
0.22499999999999998,1492.8970756323429,8739,car,8,Tertiary
0.3,2363.054431646025,19995,car,8,Tertiary
0.3241714064225801,2105.26962144182,3590,car,8,Tertiary
0.3749377830750894,2457.9262203376097,3861,car,8,Tertiary
0.44999999999999996,3569.954076507421,10440,car,8,Tertiary
0.4775714125628072,3109.6058315474697,2101,car,8,Tertiary
0.525,3412.4655198796427,2023,car,8,Tertiary
0.6,4781.552769415594,6801,car,8,Tertiary
0.6235564721164356,4043.0595652961883,1472,car,8,Tertiary
0.6749999999999999,4393.946486240292,1494,car,8,Tertiary
0.75,5776.416112478375,4950,car,8,Tertiary
0.7768670354894458,5029.844174606233,1234,car,8,Tertiary
0.8265062579237783,5037.993702974352,1081,car,8,Tertiary
0.8999999999999999,6167.783935061067,4308,car,8,Tertiary
0.9262102665443782,5013.099507518675,1196,car,8,Tertiary
0.9761828731350112,4605.166796126068,1583,car,8,Tertiary
1.05,73.5181665469281,26272,car,8,Tertiary
1.0674435051637514,41.816039333715196,5098,car,8,Tertiary
0.0689894460969423,331.7752186030051,252,car,9,TertiaryLink
0.15,1062.20132964002,990,car,9,TertiaryLink
0.3,2083.335141783977,395,car,9,TertiaryLink
0.44999999999999996,3121.6922346749484,235,car,9,TertiaryLink
0.6,3703.771339445756,123,car,9,TertiaryLink
1.05,48.98805843954228,663,car,9,TertiaryLink
0.03679394570714656,150.2177186764709,19291,car,10,Residential
0.07737794676566653,311.37935866231425,55073,car,10,Residential
0.15,621.9013978788671,116233,car,10,Residential
0.17702190678510146,704.6830790618202,10571,car,10,Residential
0.2244266480618534,893.5198219512836,10449,car,10,Residential
0.3,1414.1793477961978,27389,car,10,Residential
0.3237279649733789,1284.7219909193948,4098,car,10,Residential
0.3759807779521298,1489.9916022417751,4477,car,10,Residential
0.44999999999999996,2192.6881564994624,11692,car,10,Residential
0.47817276364828537,1892.318989711454,2604,car,10,Residential
0.5238900880151496,2065.9313290164932,2433,car,10,Residential
0.6,2814.673125559636,6831,car,10,Residential
0.6262519751935314,2445.6162206963204,1867,car,10,Residential
0.6756708148432583,2642.855905329378,1649,car,10,Residential
0.75,3253.23419392281,4702,car,10,Residential
0.7746597394047555,3017.4833825374044,1431,car,10,Residential
0.8255016348876554,3020.2047503066697,1311,car,10,Residential
0.8999999999999999,3281.5910490350225,4061,car,10,Residential
0.9268290900768387,3088.6523000292823,1361,car,10,Residential
0.9751528419204423,3387.6135673923372,1712,car,10,Residential
1.0464692680024055,35.58837331982438,32135,car,10,Residential
1.0695861383125582,31.29217743229512,7758,car,10,Residential
1.111223731969725,43.00787924705011,2086,car,10,Residential
0.07510027541504201,119.30530975834233,352,car,11,LivingStreet
0.15,249.3274219648455,1879,car,11,LivingStreet
0.3,506.774412537599,257,car,11,LivingStreet
1.05,55.9395217940277,247,car,11,LivingStreet
0.03204162490777407,123.1054905652921,4697,car,12,Service
0.0747909855803065,285.89980291973586,6733,car,12,Service
0.15,728.9687946683223,20281,car,12,Service
0.17474654338559698,680.7022116528867,1086,car,12,Service
0.224993108006831,867.9933945702672,918,car,12,Service
0.3,1522.1324398979664,4537,car,12,Service
0.32548219953487456,1255.3336424011254,408,car,12,Service
0.3758898231569934,1461.3095168025834,494,car,12,Service
0.44999999999999996,2238.99673044283,2003,car,12,Service
0.4713908731675081,1842.2356471164867,261,car,12,Service
0.5244379193198696,2057.867950138497,314,car,12,Service
0.6,2810.2923836002265,1277,car,12,Service
0.6249440428716632,2223.4847404803463,211,car,12,Service
0.670927161663609,2381.63578898875,242,car,12,Service
0.75,3052.406249646681,898,car,12,Service
0.7708628607762489,264.1556020088108,169,car,12,Service
0.8259244936888381,183.30265318119572,158,car,12,Service
0.8999999999999999,3214.445009127827,804,car,12,Service
0.9289760699957663,538.2763047032639,143,car,12,Service
0.9746095052904438,197.4478780177131,226,car,12,Service
1.05,35.79418842772695,4883,car,12,Service
1.0696739640199389,26.114006279584977,756,car,12,Service
1.113884062191407,29.721133845652616,261,car,12,Service
0.02796126154713292,114.1319468713724,34822,car,13,Unclassified
0.07017912081204576,275.2990244473181,20673,car,13,Unclassified
0.15,592.6679503885341,24888,car,13,Unclassified
0.17296684036839557,675.1840298471352,2119,car,13,Unclassified
0.22546765720081252,898.8951679490739,1726,car,13,Unclassified
0.3,1420.4768613656033,3804,car,13,Unclassified
0.3247149555817045,1306.6047372315795,580,car,13,Unclassified
0.37207208593872027,1492.60589987033,521,car,13,Unclassified
0.44999999999999996,2310.982000445934,1313,car,13,Unclassified
0.4744426350362997,1911.4340167360783,350,car,13,Unclassified
0.5253052150265165,2092.8101217598864,281,car,13,Unclassified
0.6,3027.0899323193144,729,car,13,Unclassified
0.6179880526790374,2471.9523916950893,191,car,13,Unclassified
0.67772612390508,2668.070269263134,177,car,13,Unclassified
0.75,3914.5565394624273,575,car,13,Unclassified
0.77684825611874,3097.2990691755936,183,car,13,Unclassified
0.8257859557951771,3060.5192170851783,169,car,13,Unclassified
0.8999999999999999,4129.4308936872285,461,car,13,Unclassified
0.9255799375224438,3309.5045633179852,166,car,13,Unclassified
0.9730122958561234,3418.710564936223,218,car,13,Unclassified
1.036774740474292,138.83551653329334,2694,car,13,Unclassified
